School ,rank,year2,key,,,,
Princeton University,1,2016,Princeton University 2016,,,,
Harvard University,2,2016,Harvard University 2016,,,,
Yale University,3,2016,Yale University 2016,,,,
Columbia University in the City of New York,4,2016,Columbia University in the City of New York 2016,,,,
University of Chicago,4,2016,University of Chicago 2016,,,,
Stanford University,4,2016,Stanford University 2016,,,,
Massachusetts Institute of Technology,7,2016,Massachusetts Institute of Technology 2016,,,,
Pennsylvania State University-Main Campus,9,2016,Pennsylvania State University-Main Campus 2016,,,,
Duke University,8,2016,Duke University 2016,,,,
California Institute of Technology,10,2016,California Institute of Technology 2016,,,,
Dartmouth College,12,2016,Dartmouth College 2016,,,,
Johns Hopkins University,10,2016,Johns Hopkins University 2016,,,,
Northwestern University,12,2016,Northwestern University 2016,,,,
Brown University,14,2016,Brown University 2016,,,,
Cornell University,15,2016,Cornell University 2016,,,,
Washington University in St. Louis,15,2016,Washington University in St. Louis 2016,,,,A
Vanderbilt University,15,2016,Vanderbilt University 2016,,,,
Rice University,18,2016,Rice University 2016,,,,
University of Notre Dame,18,2016,University of Notre Dame 2016,,,,
Emory University,21,2016,Emory University 2016,,,,
UC University of California-Berkeley,20,2016,UC University of California-Berkeley 2016,,,,
Georgetown University,21,2016,Georgetown University 2016,,,,
University of Southern California,23,2016,University of Southern California 2016,,,,
University of California-Los Angeles,23,2016,University of California-Los Angeles 2016,,,,
Carnegie Mellon University,23,2016,Carnegie Mellon University 2016,,,,
University of Virginia-Main Campus,26,2016,University of Virginia-Main Campus 2016,,,,
Wake Forest University,27,2016,Wake Forest University 2016,,,,
Tufts University,27,2016,Tufts University 2016,,,,
University of Michigan-Ann Arbor,29,2016,University of Michigan-Ann Arbor 2016,,,,
University of North Carolina at Chapel Hill,30,2016,University of North Carolina at Chapel Hill 2016,,,,
Boston College,30,2016,Boston College 2016,,,,
New York University,32,2016,New York University 2016,,,,
College of William and Mary,34,2016,College of William and Mary 2016,,,,
Brandeis University,34,2016,Brandeis University 2016,,,,
University of Rochester,33,2016,University of Rochester 2016,,,,
Georgia Institute of Technology-Main Campus,36,2016,Georgia Institute of Technology-Main Campus 2016,,,,
Case Western Reserve University,37,2016,Case Western Reserve University 2016,,,,
University of California-San Diego,39,2016,University of California-San Diego 2016,,,,
University of California-Santa Barbara,37,2016,University of California-Santa Barbara 2016,,,,
University of California-Davis,41,2016,University of California-Davis 2016,,,,
Lehigh University,47,2016,Lehigh University 2016,,,,
Rensselaer Polytechnic Institute,41,2016,Rensselaer Polytechnic Institute 2016,,,,
University of California-Irvine,39,2016,University of California-Irvine 2016,,,,
University of Wisconsin-Madison,41,2016,University of Wisconsin-Madison 2016,,,,
University of Illinois at Urbana-Champaign,41,2016,University of Illinois at Urbana-Champaign 2016,,,,
Boston University,41,2016,Boston University 2016,,,,
University of Miami,51,2016,University of Miami 2016,,,,
Pennsylvania State University-Main Campus State,47,2016,Pennsylvania State University-Main Campus State 2016,,,,
Tulane University of Louisiana,41,2016,Tulane University of Louisiana 2016,,,,
University of Washington-Seattle Campus ,52,2016,University of Washington-Seattle Campus  2016,,,,
University of Florida,47,2016,University of Florida 2016,,,,
Northeastern University,47,2016,Northeastern University 2016,,,,
The University of Texas at Austin,52,2016,The University of Texas at Austin 2016,,,,
Pepperdine University,52,2016,Pepperdine University 2016,,,,
George Washington University,57,2016,George Washington University 2016,,,,
Ohio State University-Main Campus,52,2016,Ohio State University-Main Campus 2016,,,,
Yeshiva University,52,2016,Yeshiva University 2016,,,,
Fordham University,66,2016,Fordham University 2016,,,,
University of Maryland-College Park,57,2016,University of Maryland-College Park 2016,,,,
Southern Methodist University,61,2016,Southern Methodist University 2016,,,,
University of Georgia,61,2016,University of Georgia 2016,,,,
Syracuse University,61,2016,Syracuse University 2016,,,,
University of Connecticut,57,2016,University of Connecticut 2016,,,,
Purdue University-Main Campus,61,2016,Purdue University-Main Campus 2016,,,,
Worcester Polytechnic Institute,57,2016,Worcester Polytechnic Institute 2016,,,,
University of Pittsburgh-Pittsburgh Campus,66,2016,University of Pittsburgh-Pittsburgh Campus 2016,,,,
Clemson University,61,2016,Clemson University 2016,,,,
Brigham Young University-Provo,66,2016,Brigham Young University-Provo 2016,,,,
Texas A & M University-College Station,70,2016,Texas A & M University-College Station 2016,,,,
University of Minnesota-Twin Cities,69,2016,University of Minnesota-Twin Cities 2016,,,,
Rutgers University-New Brunswick,72,2016,Rutgers University-New Brunswick 2016,,,,
Virginia Polytechnic Institute and State University,70,2016,Virginia Polytechnic Institute and State University 2016,,,,
Baylor University,72,2016,Baylor University 2016,,,,
American University,72,2016,American University 2016,,,,
University of Iowa,82,2016,University of Iowa 2016,,,,
University of Delaware,75,2016,University of Delaware 2016,,,,
Michigan State University,75,2016,Michigan State University 2016,,,,
Stevens Institute of Technology,75,2016,Stevens Institute of Technology 2016,,,,
Colorado School of Mines,75,2016,Colorado School of Mines 2016,,,,
Indiana University-Bloomington,75,2016,Indiana University-Bloomington 2016,,,,
UC University of California-Santa Cruz,82,2016,UC University of California-Santa Cruz 2016,,,,
Clark University,75,2016,Clark University 2016,,,,
Miami University-Oxford,82,2016,Miami University-Oxford 2016,,,,
Marquette University,86,2016,Marquette University 2016,,,,
University of Massachusetts-Amherst,75,2016,University of Massachusetts-Amherst 2016,,,,
University of Tulsa,86,2016,University of Tulsa 2016,,,,
Texas Christian University,82,2016,Texas Christian University 2016,,,,
University of Denver,86,2016,University of Denver 2016,,,,
Binghamton University,89,2016,Binghamton University 2016,,,,
University of Vermont,89,2016,University of Vermont 2016,,,,
The University of Alabama,96,2016,The University of Alabama 2016,,,,
University of Colorado Boulder,89,2016,University of Colorado Boulder 2016,,,,
University of San Diego,89,2016,University of San Diego 2016,,,,
Drexel University,99,2016,Drexel University 2016,,,,
Saint Louis University,96,2016,Saint Louis University 2016,,,,
Auburn University,102,2016,Auburn University 2016,,,,
Stony Brook University,89,2016,Stony Brook University 2016,,,,
Florida State University,96,2016,Florida State University 2016,,,,
North Carolina State University at Raleigh,89,2016,North Carolina State University at Raleigh 2016,,,,
University of Missouri-Columbia,103,2016,University of Missouri-Columbia 2016,,,,
University of New Hampshire-Main Campus,103,2016,University of New Hampshire-Main Campus 2016,,,,
The University of Tennessee-Knoxville,103,2016,The University of Tennessee-Knoxville 2016,,,,
Iowa State University,108,2016,Iowa State University 2016,,,,
University of Oklahoma-Norman Campus,108,2016,University of Oklahoma-Norman Campus 2016,,,,
University of Nebraska-Lincoln,103,2016,University of Nebraska-Lincoln 2016,,,,
University at Buffalo,99,2016,University at Buffalo 2016,,,,
Loyola University Chicago,99,2016,Loyola University Chicago 2016,,,,
University of Oregon,103,2016,University of Oregon 2016,,,,
University of the Pacific,108,2016,University of the Pacific 2016,,,,
University of Kansas,115,2016,University of Kansas 2016,,,,
University of Dayton,108,2016,University of Dayton 2016,,,,
Illinois Institute of Technology,108,2016,Illinois Institute of Technology 2016,,,,
University of South Carolina-Columbia,108,2016,University of South Carolina-Columbia 2016,,,,
University of California-Riverside,121,2016,University of California-Riverside 2016,,,,
Michigan Technological University,123,2016,Michigan Technological University 2016,,,,
Catholic University of America,123,2016,Catholic University of America 2016,,,,
Clarkson University,115,2016,Clarkson University 2016,,,,
University of Arizona,121,2016,University of Arizona 2016,,,,
Howard University,135,2016,Howard University 2016,,,,
Colorado State University-Fort Collins,127,2016,Colorado State University-Fort Collins 2016,,,,
University of Kentucky,129,2016,University of Kentucky 2016,,,,
Arizona State University-Tempe,129,2016,Arizona State University-Tempe 2016,,,,
University of Arkansas,129,2016,University of Arkansas 2016,,,,
Princeton University,1,2015,Princeton University 2015,,,,
Harvard University,2,2015,Harvard University 2015,,,,
Yale University,3,2015,Yale University 2015,,,,
Columbia University in the City of New York,4,2015,Columbia University in the City of New York 2015,,,,
University of Chicago,4,2015,University of Chicago 2015,,,,
Stanford University,4,2015,Stanford University 2015,,,,
Massachusetts Institute of Technology,7,2015,Massachusetts Institute of Technology 2015,,,,
Pennsylvania State University-Main Campus,8,2015,Pennsylvania State University-Main Campus 2015,,,,
Duke University,8,2015,Duke University 2015,,,,
California Institute of Technology,10,2015,California Institute of Technology 2015,,,,
Dartmouth College,11,2015,Dartmouth College 2015,,,,
Johns Hopkins University,12,2015,Johns Hopkins University 2015,,,,
Northwestern University,13,2015,Northwestern University 2015,,,,
Brown University,16,2015,Brown University 2015,,,,
Cornell University,15,2015,Cornell University 2015,,,,
Washington University in St. Louis,14,2015,Washington University in St. Louis 2015,,,,
Vanderbilt University,16,2015,Vanderbilt University 2015,,,,
Rice University,19,2015,Rice University 2015,,,,
University of Notre Dame,16,2015,University of Notre Dame 2015,,,,
Emory University,21,2015,Emory University 2015,,,,
UC University of California-Berkeley,20,2015,UC University of California-Berkeley 2015,,,,
Georgetown University,21,2015,Georgetown University 2015,,,,
University of Southern California,25,2015,University of Southern California 2015,,,,
University of California-Los Angeles,23,2015,University of California-Los Angeles 2015,,,,
Carnegie Mellon University,25,2015,Carnegie Mellon University 2015,,,,
University of Virginia-Main Campus,23,2015,University of Virginia-Main Campus 2015,,,,
Wake Forest University,27,2015,Wake Forest University 2015,,,,
Tufts University,27,2015,Tufts University 2015,,,,
University of Michigan-Ann Arbor,29,2015,University of Michigan-Ann Arbor 2015,,,,
University of North Carolina at Chapel Hill,30,2015,University of North Carolina at Chapel Hill 2015,,,,
Boston College,31,2015,Boston College 2015,,,,
New York University,32,2015,New York University 2015,,,,
College of William and Mary,33,2015,College of William and Mary 2015,,,,
Brandeis University,35,2015,Brandeis University 2015,,,,
University of Rochester,33,2015,University of Rochester 2015,,,,
Georgia Institute of Technology-Main Campus,36,2015,Georgia Institute of Technology-Main Campus 2015,,,,
Case Western Reserve University,38,2015,Case Western Reserve University 2015,,,,
University of California-San Diego,37,2015,University of California-San Diego 2015,,,,
University of California-Santa Barbara,40,2015,University of California-Santa Barbara 2015,,,,
University of California-Davis,38,2015,University of California-Davis 2015,,,,
Lehigh University,40,2015,Lehigh University 2015,,,,
Rensselaer Polytechnic Institute,42,2015,Rensselaer Polytechnic Institute 2015,,,,
University of California-Irvine,42,2015,University of California-Irvine 2015,,,,
University of Wisconsin-Madison,47,2015,University of Wisconsin-Madison 2015,,,,
University of Illinois at Urbana-Champaign,42,2015,University of Illinois at Urbana-Champaign 2015,,,,
Boston University,42,2015,Boston University 2015,,,,
University of Miami,48,2015,University of Miami 2015,,,,
Pennsylvania State University-Main Campus State,48,2015,Pennsylvania State University-Main Campus State 2015,,,,
Tulane University of Louisiana,54,2015,Tulane University of Louisiana 2015,,,,
University of Washington-Seattle Campus ,48,2015,University of Washington-Seattle Campus  2015,,,,
University of Florida,48,2015,University of Florida 2015,,,,
Northeastern University,42,2015,Northeastern University 2015,,,,
The University of Texas at Austin,53,2015,The University of Texas at Austin 2015,,,,
Pepperdine University,54,2015,Pepperdine University 2015,,,,
George Washington University,54,2015,George Washington University 2015,,,,
Ohio State University-Main Campus,54,2015,Ohio State University-Main Campus 2015,,,,
Yeshiva University,48,2015,Yeshiva University 2015,,,,
Fordham University,58,2015,Fordham University 2015,,,,
University of Maryland-College Park,62,2015,University of Maryland-College Park 2015,,,,
Southern Methodist University,58,2015,Southern Methodist University 2015,,,,
University of Georgia,62,2015,University of Georgia 2015,,,,
Syracuse University,58,2015,Syracuse University 2015,,,,
University of Connecticut,58,2015,University of Connecticut 2015,,,,
Purdue University-Main Campus,62,2015,Purdue University-Main Campus 2015,,,,
Worcester Polytechnic Institute,68,2015,Worcester Polytechnic Institute 2015,,,,
University of Pittsburgh-Pittsburgh Campus,62,2015,University of Pittsburgh-Pittsburgh Campus 2015,,,,
Clemson University,62,2015,Clemson University 2015,,,,
Brigham Young University-Provo,62,2015,Brigham Young University-Provo 2015,,,,
Texas A & M University-College Station,68,2015,Texas A & M University-College Station 2015,,,,
University of Minnesota-Twin Cities,71,2015,University of Minnesota-Twin Cities 2015,,,,
Rutgers University-New Brunswick,70,2015,Rutgers University-New Brunswick 2015,,,,
Virginia Polytechnic Institute and State University,71,2015,Virginia Polytechnic Institute and State University 2015,,,,
Baylor University,71,2015,Baylor University 2015,,,,
American University,71,2015,American University 2015,,,,
University of Iowa,71,2015,University of Iowa 2015,,,,
University of Delaware,76,2015,University of Delaware 2015,,,,
Michigan State University,85,2015,Michigan State University 2015,,,,
Stevens Institute of Technology,76,2015,Stevens Institute of Technology 2015,,,,
Colorado School of Mines,88,2015,Colorado School of Mines 2015,,,,
Indiana University-Bloomington,76,2015,Indiana University-Bloomington 2015,,,,
UC University of California-Santa Cruz,85,2015,UC University of California-Santa Cruz 2015,,,,
Clark University,76,2015,Clark University 2015,,,,
Miami University-Oxford,76,2015,Miami University-Oxford 2015,,,,
Marquette University,76,2015,Marquette University 2015,,,,
University of Massachusetts-Amherst,76,2015,University of Massachusetts-Amherst 2015,,,,
University of Tulsa,88,2015,University of Tulsa 2015,,,,
Texas Christian University,76,2015,Texas Christian University 2015,,,,
University of Denver,88,2015,University of Denver 2015,,,,
Binghamton University,88,2015,Binghamton University 2015,,,,
University of Vermont,85,2015,University of Vermont 2015,,,,
The University of Alabama,88,2015,The University of Alabama 2015,,,,
University of Colorado Boulder,88,2015,University of Colorado Boulder 2015,,,,
University of San Diego,95,2015,University of San Diego 2015,,,,
Drexel University,95,2015,Drexel University 2015,,,,
Saint Louis University,99,2015,Saint Louis University 2015,,,,
Auburn University,103,2015,Auburn University 2015,,,,
Stony Brook University,88,2015,Stony Brook University 2015,,,,
Florida State University,95,2015,Florida State University 2015,,,,
North Carolina State University at Raleigh,95,2015,North Carolina State University at Raleigh 2015,,,,
University of Missouri-Columbia,99,2015,University of Missouri-Columbia 2015,,,,
University of New Hampshire-Main Campus,99,2015,University of New Hampshire-Main Campus 2015,,,,
The University of Tennessee-Knoxville,106,2015,The University of Tennessee-Knoxville 2015,,,,
Iowa State University,106,2015,Iowa State University 2015,,,,
University of Oklahoma-Norman Campus,106,2015,University of Oklahoma-Norman Campus 2015,,,,
University of Nebraska-Lincoln,99,2015,University of Nebraska-Lincoln 2015,,,,
University at Buffalo,103,2015,University at Buffalo 2015,,,,
Loyola University Chicago,106,2015,Loyola University Chicago 2015,,,,
University of Oregon,106,2015,University of Oregon 2015,,,,
University of the Pacific,116,2015,University of the Pacific 2015,,,,
University of Kansas,106,2015,University of Kansas 2015,,,,
University of Dayton,103,2015,University of Dayton 2015,,,,
Illinois Institute of Technology,116,2015,Illinois Institute of Technology 2015,,,,
University of South Carolina-Columbia,113,2015,University of South Carolina-Columbia 2015,,,,
University of California-Riverside,113,2015,University of California-Riverside 2015,,,,
Michigan Technological University,116,2015,Michigan Technological University 2015,,,,
Catholic University of America,116,2015,Catholic University of America 2015,,,,
Clarkson University,121,2015,Clarkson University 2015,,,,
University of Arizona,121,2015,University of Arizona 2015,,,,
Howard University,145,2015,Howard University 2015,,,,
Colorado State University-Fort Collins,121,2015,Colorado State University-Fort Collins 2015,,,,
University of Kentucky,129,2015,University of Kentucky 2015,,,,
Arizona State University-Tempe,129,2015,Arizona State University-Tempe 2015,,,,
University of Arkansas,135,2015,University of Arkansas 2015,,,,
Princeton University,1,2014,Princeton University 2014,,,,
Harvard University,2,2014,Harvard University 2014,,,,
Yale University,3,2014,Yale University 2014,,,,
Columbia University in the City of New York,4,2014,Columbia University in the City of New York 2014,,,,
University of Chicago,5,2014,University of Chicago 2014,,,,
Stanford University,5,2014,Stanford University 2014,,,,
Massachusetts Institute of Technology,7,2014,Massachusetts Institute of Technology 2014,,,,
Pennsylvania State University-Main Campus,7,2014,Pennsylvania State University-Main Campus 2014,,,,
Duke University,7,2014,Duke University 2014,,,,
California Institute of Technology,10,2014,California Institute of Technology 2014,,,,
Dartmouth College,10,2014,Dartmouth College 2014,,,,
Johns Hopkins University,12,2014,Johns Hopkins University 2014,,,,
Northwestern University,12,2014,Northwestern University 2014,,,,
Brown University,14,2014,Brown University 2014,,,,
Cornell University,16,2014,Cornell University 2014,,,,
Washington University in St. Louis,14,2014,Washington University in St. Louis 2014,,,,
Vanderbilt University,17,2014,Vanderbilt University 2014,,,,
Rice University,18,2014,Rice University 2014,,,,
University of Notre Dame,18,2014,University of Notre Dame 2014,,,,
Emory University,20,2014,Emory University 2014,,,,
UC University of California-Berkeley,20,2014,UC University of California-Berkeley 2014,,,,
Georgetown University,20,2014,Georgetown University 2014,,,,
University of Southern California,23,2014,University of Southern California 2014,,,,
University of California-Los Angeles,23,2014,University of California-Los Angeles 2014,,,,
Carnegie Mellon University,23,2014,Carnegie Mellon University 2014,,,,
University of Virginia-Main Campus,23,2014,University of Virginia-Main Campus 2014,,,,
Wake Forest University,23,2014,Wake Forest University 2014,,,,
Tufts University,28,2014,Tufts University 2014,,,,
University of Michigan-Ann Arbor,28,2014,University of Michigan-Ann Arbor 2014,,,,
University of North Carolina at Chapel Hill,30,2014,University of North Carolina at Chapel Hill 2014,,,,
Boston College,31,2014,Boston College 2014,,,,
New York University,32,2014,New York University 2014,,,,
College of William and Mary,32,2014,College of William and Mary 2014,,,,
Brandeis University,32,2014,Brandeis University 2014,,,,
University of Rochester,32,2014,University of Rochester 2014,,,,
Georgia Institute of Technology-Main Campus,36,2014,Georgia Institute of Technology-Main Campus 2014,,,,
Case Western Reserve University,37,2014,Case Western Reserve University 2014,,,,
University of California-San Diego,39,2014,University of California-San Diego 2014,,,,
University of California-Santa Barbara,41,2014,University of California-Santa Barbara 2014,,,,
University of California-Davis,39,2014,University of California-Davis 2014,,,,
Lehigh University,41,2014,Lehigh University 2014,,,,
Rensselaer Polytechnic Institute,41,2014,Rensselaer Polytechnic Institute 2014,,,,
University of California-Irvine,49,2014,University of California-Irvine 2014,,,,
University of Wisconsin-Madison,41,2014,University of Wisconsin-Madison 2014,,,,
University of Illinois at Urbana-Champaign,41,2014,University of Illinois at Urbana-Champaign 2014,,,,
Boston University,41,2014,Boston University 2014,,,,
University of Miami,47,2014,University of Miami 2014,,,,
Pennsylvania State University-Main Campus State,37,2014,Pennsylvania State University-Main Campus State 2014,,,,
Tulane University of Louisiana,52,2014,Tulane University of Louisiana 2014,,,,
University of Washington-Seattle Campus ,52,2014,University of Washington-Seattle Campus  2014,,,,
University of Florida,49,2014,University of Florida 2014,,,,
Northeastern University,49,2014,Northeastern University 2014,,,,
The University of Texas at Austin,52,2014,The University of Texas at Austin 2014,,,,
Pepperdine University,57,2014,Pepperdine University 2014,,,,
George Washington University,52,2014,George Washington University 2014,,,,
Ohio State University-Main Campus,52,2014,Ohio State University-Main Campus 2014,,,,
Yeshiva University,47,2014,Yeshiva University 2014,,,,
Fordham University,57,2014,Fordham University 2014,,,,
University of Maryland-College Park,62,2014,University of Maryland-College Park 2014,,,,
Southern Methodist University,60,2014,Southern Methodist University 2014,,,,
University of Georgia,60,2014,University of Georgia 2014,,,,
Syracuse University,62,2014,Syracuse University 2014,,,,
University of Connecticut,57,2014,University of Connecticut 2014,,,,
Purdue University-Main Campus,68,2014,Purdue University-Main Campus 2014,,,,
Worcester Polytechnic Institute,62,2014,Worcester Polytechnic Institute 2014,,,,
University of Pittsburgh-Pittsburgh Campus,62,2014,University of Pittsburgh-Pittsburgh Campus 2014,,,,
Clemson University,62,2014,Clemson University 2014,,,,
Brigham Young University-Provo,62,2014,Brigham Young University-Provo 2014,,,,
Texas A & M University-College Station,69,2014,Texas A & M University-College Station 2014,,,,
University of Minnesota-Twin Cities,69,2014,University of Minnesota-Twin Cities 2014,,,,
Rutgers University-New Brunswick,69,2014,Rutgers University-New Brunswick 2014,,,,
Virginia Polytechnic Institute and State University,69,2014,Virginia Polytechnic Institute and State University 2014,,,,
Baylor University,75,2014,Baylor University 2014,,,,
American University,75,2014,American University 2014,,,,
University of Iowa,73,2014,University of Iowa 2014,,,,
University of Delaware,75,2014,University of Delaware 2014,,,,
Michigan State University,73,2014,Michigan State University 2014,,,,
Stevens Institute of Technology,82,2014,Stevens Institute of Technology 2014,,,,
Colorado School of Mines,91,2014,Colorado School of Mines 2014,,,,
Indiana University-Bloomington,75,2014,Indiana University-Bloomington 2014,,,,
UC University of California-Santa Cruz,86,2014,UC University of California-Santa Cruz 2014,,,,
Clark University,75,2014,Clark University 2014,,,,
Miami University-Oxford,75,2014,Miami University-Oxford 2014,,,,
Marquette University,75,2014,Marquette University 2014,,,,
University of Massachusetts-Amherst,91,2014,University of Massachusetts-Amherst 2014,,,,
University of Tulsa,86,2014,University of Tulsa 2014,,,,
Texas Christian University,82,2014,Texas Christian University 2014,,,,
University of Denver,91,2014,University of Denver 2014,,,,
Binghamton University,97,2014,Binghamton University 2014,,,,
University of Vermont,82,2014,University of Vermont 2014,,,,
The University of Alabama,86,2014,The University of Alabama 2014,,,,
University of Colorado Boulder,86,2014,University of Colorado Boulder 2014,,,,
University of San Diego,91,2014,University of San Diego 2014,,,,
Drexel University,97,2014,Drexel University 2014,,,,
Saint Louis University,101,2014,Saint Louis University 2014,,,,
Auburn University,91,2014,Auburn University 2014,,,,
Stony Brook University,82,2014,Stony Brook University 2014,,,,
Florida State University,91,2014,Florida State University 2014,,,,
North Carolina State University at Raleigh,101,2014,North Carolina State University at Raleigh 2014,,,,
University of Missouri-Columbia,97,2014,University of Missouri-Columbia 2014,,,,
University of New Hampshire-Main Campus,97,2014,University of New Hampshire-Main Campus 2014,,,,
The University of Tennessee-Knoxville,101,2014,The University of Tennessee-Knoxville 2014,,,,
Iowa State University,101,2014,Iowa State University 2014,,,,
University of Oklahoma-Norman Campus,101,2014,University of Oklahoma-Norman Campus 2014,,,,
University of Nebraska-Lincoln,101,2014,University of Nebraska-Lincoln 2014,,,,
University at Buffalo,109,2014,University at Buffalo 2014,,,,
Loyola University Chicago,101,2014,Loyola University Chicago 2014,,,,
University of Oregon,109,2014,University of Oregon 2014,,,,
University of the Pacific,112,2014,University of the Pacific 2014,,,,
University of Kansas,101,2014,University of Kansas 2014,,,,
University of Dayton,112,2014,University of Dayton 2014,,,,
Illinois Institute of Technology,109,2014,Illinois Institute of Technology 2014,,,,
University of South Carolina-Columbia,112,2014,University of South Carolina-Columbia 2014,,,,
University of California-Riverside,112,2014,University of California-Riverside 2014,,,,
Michigan Technological University,117,2014,Michigan Technological University 2014,,,,
Catholic University of America,121,2014,Catholic University of America 2014,,,,
Clarkson University,121,2014,Clarkson University 2014,,,,
University of Arizona,119,2014,University of Arizona 2014,,,,
Howard University,142,2014,Howard University 2014,,,,
Colorado State University-Fort Collins,121,2014,Colorado State University-Fort Collins 2014,,,,
University of Kentucky,119,2014,University of Kentucky 2014,,,,
Arizona State University-Tempe,142,2014,Arizona State University-Tempe 2014,,,,
University of Arkansas,128,2014,University of Arkansas 2014,,,,
Princeton University,1,2013,Princeton University 2013,,,,
Harvard University,1,2013,Harvard University 2013,,,,
Yale University,3,2013,Yale University 2013,,,,
Columbia University in the City of New York,4,2013,Columbia University in the City of New York 2013,,,,
University of Chicago,4,2013,University of Chicago 2013,,,,
Stanford University,6,2013,Stanford University 2013,,,,
Massachusetts Institute of Technology,6,2013,Massachusetts Institute of Technology 2013,,,,
Pennsylvania State University-Main Campus,8,2013,Pennsylvania State University-Main Campus 2013,,,,
Duke University,8,2013,Duke University 2013,,,,
California Institute of Technology,10,2013,California Institute of Technology 2013,,,,
Dartmouth College,10,2013,Dartmouth College 2013,,,,
Johns Hopkins University,13,2013,Johns Hopkins University 2013,,,,
Northwestern University,12,2013,Northwestern University 2013,,,,
Brown University,15,2013,Brown University 2013,,,,
Cornell University,15,2013,Cornell University 2013,,,,
Washington University in St. Louis,14,2013,Washington University in St. Louis 2013,,,,
Vanderbilt University,17,2013,Vanderbilt University 2013,,,,
Rice University,17,2013,Rice University 2013,,,,
University of Notre Dame,17,2013,University of Notre Dame 2013,,,,
Emory University,20,2013,Emory University 2013,,,,
UC University of California-Berkeley,21,2013,UC University of California-Berkeley 2013,,,,
Georgetown University,21,2013,Georgetown University 2013,,,,
University of Southern California,24,2013,University of Southern California 2013,,,,
University of California-Los Angeles,24,2013,University of California-Los Angeles 2013,,,,
Carnegie Mellon University,23,2013,Carnegie Mellon University 2013,,,,
University of Virginia-Main Campus,24,2013,University of Virginia-Main Campus 2013,,,,
Wake Forest University,27,2013,Wake Forest University 2013,,,,
Tufts University,28,2013,Tufts University 2013,,,,
University of Michigan-Ann Arbor,29,2013,University of Michigan-Ann Arbor 2013,,,,
University of North Carolina at Chapel Hill,30,2013,University of North Carolina at Chapel Hill 2013,,,,
Boston College,31,2013,Boston College 2013,,,,
New York University,32,2013,New York University 2013,,,,
College of William and Mary,33,2013,College of William and Mary 2013,,,,
Brandeis University,33,2013,Brandeis University 2013,,,,
University of Rochester,33,2013,University of Rochester 2013,,,,
Georgia Institute of Technology-Main Campus,36,2013,Georgia Institute of Technology-Main Campus 2013,,,,
Case Western Reserve University,37,2013,Case Western Reserve University 2013,,,,
University of California-San Diego,38,2013,University of California-San Diego 2013,,,,
University of California-Santa Barbara,41,2013,University of California-Santa Barbara 2013,,,,
University of California-Davis,38,2013,University of California-Davis 2013,,,,
Lehigh University,38,2013,Lehigh University 2013,,,,
Rensselaer Polytechnic Institute,41,2013,Rensselaer Polytechnic Institute 2013,,,,
University of California-Irvine,44,2013,University of California-Irvine 2013,,,,
University of Wisconsin-Madison,41,2013,University of Wisconsin-Madison 2013,,,,
University of Illinois at Urbana-Champaign,46,2013,University of Illinois at Urbana-Champaign 2013,,,,
Boston University,51,2013,Boston University 2013,,,,
University of Miami,44,2013,University of Miami 2013,,,,
Pennsylvania State University-Main Campus State,46,2013,Pennsylvania State University-Main Campus State 2013,,,,
Tulane University of Louisiana,51,2013,Tulane University of Louisiana 2013,,,,
University of Washington-Seattle Campus ,46,2013,University of Washington-Seattle Campus  2013,,,,
University of Florida,54,2013,University of Florida 2013,,,,
Northeastern University,56,2013,Northeastern University 2013,,,,
The University of Texas at Austin,46,2013,The University of Texas at Austin 2013,,,,
Pepperdine University,54,2013,Pepperdine University 2013,,,,
George Washington University,51,2013,George Washington University 2013,,,,
Ohio State University-Main Campus,56,2013,Ohio State University-Main Campus 2013,,,,
Yeshiva University,46,2013,Yeshiva University 2013,,,,
Fordham University,58,2013,Fordham University 2013,,,,
University of Maryland-College Park,58,2013,University of Maryland-College Park 2013,,,,
Southern Methodist University,58,2013,Southern Methodist University 2013,,,,
University of Georgia,63,2013,University of Georgia 2013,,,,
Syracuse University,58,2013,Syracuse University 2013,,,,
University of Connecticut,63,2013,University of Connecticut 2013,,,,
Purdue University-Main Campus,65,2013,Purdue University-Main Campus 2013,,,,
Worcester Polytechnic Institute,65,2013,Worcester Polytechnic Institute 2013,,,,
University of Pittsburgh-Pittsburgh Campus,58,2013,University of Pittsburgh-Pittsburgh Campus 2013,,,,
Clemson University,68,2013,Clemson University 2013,,,,
Brigham Young University-Provo,68,2013,Brigham Young University-Provo 2013,,,,
Texas A & M University-College Station,65,2013,Texas A & M University-College Station 2013,,,,
University of Minnesota-Twin Cities,68,2013,University of Minnesota-Twin Cities 2013,,,,
Rutgers University-New Brunswick,68,2013,Rutgers University-New Brunswick 2013,,,,
Virginia Polytechnic Institute and State University,72,2013,Virginia Polytechnic Institute and State University 2013,,,,
Baylor University,77,2013,Baylor University 2013,,,,
American University,77,2013,American University 2013,,,,
University of Iowa,72,2013,University of Iowa 2013,,,,
University of Delaware,75,2013,University of Delaware 2013,,,,
Michigan State University,72,2013,Michigan State University 2013,,,,
Stevens Institute of Technology,75,2013,Stevens Institute of Technology 2013,,,,
Colorado School of Mines,77,2013,Colorado School of Mines 2013,,,,
Indiana University-Bloomington,83,2013,Indiana University-Bloomington 2013,,,,
UC University of California-Santa Cruz,77,2013,UC University of California-Santa Cruz 2013,,,,
Clark University,83,2013,Clark University 2013,,,,
Miami University-Oxford,89,2013,Miami University-Oxford 2013,,,,
Marquette University,83,2013,Marquette University 2013,,,,
University of Massachusetts-Amherst,97,2013,University of Massachusetts-Amherst 2013,,,,
University of Tulsa,83,2013,University of Tulsa 2013,,,,
Texas Christian University,92,2013,Texas Christian University 2013,,,,
University of Denver,83,2013,University of Denver 2013,,,,
Binghamton University,89,2013,Binghamton University 2013,,,,
University of Vermont,92,2013,University of Vermont 2013,,,,
The University of Alabama,77,2013,The University of Alabama 2013,,,,
University of Colorado Boulder,97,2013,University of Colorado Boulder 2013,,,,
University of San Diego,92,2013,University of San Diego 2013,,,,
Drexel University,83,2013,Drexel University 2013,,,,
Saint Louis University,92,2013,Saint Louis University 2013,,,,
Auburn University,89,2013,Auburn University 2013,,,,
Stony Brook University,92,2013,Stony Brook University 2013,,,,
Florida State University,97,2013,Florida State University 2013,,,,
North Carolina State University at Raleigh,106,2013,North Carolina State University at Raleigh 2013,,,,
University of Missouri-Columbia,97,2013,University of Missouri-Columbia 2013,,,,
University of New Hampshire-Main Campus,106,2013,University of New Hampshire-Main Campus 2013,,,,
The University of Tennessee-Knoxville,101,2013,The University of Tennessee-Knoxville 2013,,,,
Iowa State University,101,2013,Iowa State University 2013,,,,
University of Oklahoma-Norman Campus,101,2013,University of Oklahoma-Norman Campus 2013,,,,
University of Nebraska-Lincoln,101,2013,University of Nebraska-Lincoln 2013,,,,
University at Buffalo,106,2013,University at Buffalo 2013,,,,
Loyola University Chicago,106,2013,Loyola University Chicago 2013,,,,
University of Oregon,115,2013,University of Oregon 2013,,,,
University of the Pacific,106,2013,University of the Pacific 2013,,,,
University of Kansas,106,2013,University of Kansas 2013,,,,
University of Dayton,115,2013,University of Dayton 2013,,,,
Illinois Institute of Technology,113,2013,Illinois Institute of Technology 2013,,,,
University of South Carolina-Columbia,115,2013,University of South Carolina-Columbia 2013,,,,
University of California-Riverside,101,2013,University of California-Riverside 2013,,,,
Michigan Technological University,120,2013,Michigan Technological University 2013,,,,
Catholic University of America,120,2013,Catholic University of America 2013,,,,
Clarkson University,115,2013,Clarkson University 2013,,,,
University of Arizona,120,2013,University of Arizona 2013,,,,
Howard University,120,2013,Howard University 2013,,,,
Colorado State University-Fort Collins,134,2013,Colorado State University-Fort Collins 2013,,,,
University of Kentucky,125,2013,University of Kentucky 2013,,,,
Arizona State University-Tempe,139,2013,Arizona State University-Tempe 2013,,,,
University of Arkansas,134,2013,University of Arkansas 2013,,,,
Princeton University,1,2012,Princeton University 2012,,,,
Harvard University,1,2012,Harvard University 2012,,,,
Yale University,3,2012,Yale University 2012,,,,
Columbia University in the City of New York,4,2012,Columbia University in the City of New York 2012,,,,
University of Chicago,5,2012,University of Chicago 2012,,,,
Stanford University,5,2012,Stanford University 2012,,,,
Massachusetts Institute of Technology,5,2012,Massachusetts Institute of Technology 2012,,,,
Pennsylvania State University-Main Campus,5,2012,Pennsylvania State University-Main Campus 2012,,,,
Duke University,10,2012,Duke University 2012,,,,
California Institute of Technology,5,2012,California Institute of Technology 2012,,,,
Dartmouth College,11,2012,Dartmouth College 2012,,,,
Johns Hopkins University,13,2012,Johns Hopkins University 2012,,,,
Northwestern University,12,2012,Northwestern University 2012,,,,
Brown University,15,2012,Brown University 2012,,,,
Cornell University,15,2012,Cornell University 2012,,,,
Washington University in St. Louis,14,2012,Washington University in St. Louis 2012,,,,
Vanderbilt University,17,2012,Vanderbilt University 2012,,,,
Rice University,17,2012,Rice University 2012,,,,
University of Notre Dame,19,2012,University of Notre Dame 2012,,,,
Emory University,20,2012,Emory University 2012,,,,
UC University of California-Berkeley,21,2012,UC University of California-Berkeley 2012,,,,
Georgetown University,22,2012,Georgetown University 2012,,,,
University of Southern California,23,2012,University of Southern California 2012,,,,
University of California-Los Angeles,25,2012,University of California-Los Angeles 2012,,,,
Carnegie Mellon University,23,2012,Carnegie Mellon University 2012,,,,
University of Virginia-Main Campus,25,2012,University of Virginia-Main Campus 2012,,,,
Wake Forest University,25,2012,Wake Forest University 2012,,,,
Tufts University,29,2012,Tufts University 2012,,,,
University of Michigan-Ann Arbor,28,2012,University of Michigan-Ann Arbor 2012,,,,
University of North Carolina at Chapel Hill,29,2012,University of North Carolina at Chapel Hill 2012,,,,
Boston College,31,2012,Boston College 2012,,,,
New York University,33,2012,New York University 2012,,,,
College of William and Mary,33,2012,College of William and Mary 2012,,,,
Brandeis University,31,2012,Brandeis University 2012,,,,
University of Rochester,35,2012,University of Rochester 2012,,,,
Georgia Institute of Technology-Main Campus,36,2012,Georgia Institute of Technology-Main Campus 2012,,,,
Case Western Reserve University,38,2012,Case Western Reserve University 2012,,,,
University of California-San Diego,37,2012,University of California-San Diego 2012,,,,
University of California-Santa Barbara,42,2012,University of California-Santa Barbara 2012,,,,
University of California-Davis,38,2012,University of California-Davis 2012,,,,
Lehigh University,38,2012,Lehigh University 2012,,,,
Rensselaer Polytechnic Institute,50,2012,Rensselaer Polytechnic Institute 2012,,,,
University of California-Irvine,45,2012,University of California-Irvine 2012,,,,
University of Wisconsin-Madison,42,2012,University of Wisconsin-Madison 2012,,,,
University of Illinois at Urbana-Champaign,45,2012,University of Illinois at Urbana-Champaign 2012,,,,
Boston University,53,2012,Boston University 2012,,,,
University of Miami,38,2012,University of Miami 2012,,,,
Pennsylvania State University-Main Campus State,45,2012,Pennsylvania State University-Main Campus State 2012,,,,
Tulane University of Louisiana,50,2012,Tulane University of Louisiana 2012,,,,
University of Washington-Seattle Campus ,42,2012,University of Washington-Seattle Campus  2012,,,,
University of Florida,58,2012,University of Florida 2012,,,,
Northeastern University,62,2012,Northeastern University 2012,,,,
The University of Texas at Austin,45,2012,The University of Texas at Austin 2012,,,,
Pepperdine University,55,2012,Pepperdine University 2012,,,,
George Washington University,50,2012,George Washington University 2012,,,,
Ohio State University-Main Campus,55,2012,Ohio State University-Main Campus 2012,,,,
Yeshiva University,45,2012,Yeshiva University 2012,,,,
Fordham University,53,2012,Fordham University 2012,,,,
University of Maryland-College Park,55,2012,University of Maryland-College Park 2012,,,,
Southern Methodist University,62,2012,Southern Methodist University 2012,,,,
University of Georgia,62,2012,University of Georgia 2012,,,,
Syracuse University,62,2012,Syracuse University 2012,,,,
University of Connecticut,58,2012,University of Connecticut 2012,,,,
Purdue University-Main Campus,62,2012,Purdue University-Main Campus 2012,,,,
Worcester Polytechnic Institute,62,2012,Worcester Polytechnic Institute 2012,,,,
University of Pittsburgh-Pittsburgh Campus,58,2012,University of Pittsburgh-Pittsburgh Campus 2012,,,,
Clemson University,68,2012,Clemson University 2012,,,,
Brigham Young University-Provo,71,2012,Brigham Young University-Provo 2012,,,,
Texas A & M University-College Station,58,2012,Texas A & M University-College Station 2012,,,,
University of Minnesota-Twin Cities,68,2012,University of Minnesota-Twin Cities 2012,,,,
Rutgers University-New Brunswick,68,2012,Rutgers University-New Brunswick 2012,,,,
Virginia Polytechnic Institute and State University,71,2012,Virginia Polytechnic Institute and State University 2012,,,,
Baylor University,75,2012,Baylor University 2012,,,,
American University,82,2012,American University 2012,,,,
University of Iowa,71,2012,University of Iowa 2012,,,,
University of Delaware,75,2012,University of Delaware 2012,,,,
Michigan State University,71,2012,Michigan State University 2012,,,,
Stevens Institute of Technology,88,2012,Stevens Institute of Technology 2012,,,,
Colorado School of Mines,75,2012,Colorado School of Mines 2012,,,,
Indiana University-Bloomington,75,2012,Indiana University-Bloomington 2012,,,,
UC University of California-Santa Cruz,75,2012,UC University of California-Santa Cruz 2012,,,,
Clark University,94,2012,Clark University 2012,,,,
Miami University-Oxford,90,2012,Miami University-Oxford 2012,,,,
Marquette University,82,2012,Marquette University 2012,,,,
University of Massachusetts-Amherst,94,2012,University of Massachusetts-Amherst 2012,,,,
University of Tulsa,75,2012,University of Tulsa 2012,,,,
Texas Christian University,97,2012,Texas Christian University 2012,,,,
University of Denver,82,2012,University of Denver 2012,,,,
Binghamton University,88,2012,Binghamton University 2012,,,,
University of Vermont,82,2012,University of Vermont 2012,,,,
The University of Alabama,75,2012,The University of Alabama 2012,,,,
University of Colorado Boulder,94,2012,University of Colorado Boulder 2012,,,,
University of San Diego,97,2012,University of San Diego 2012,,,,
Drexel University,88,2012,Drexel University 2012,,,,
Saint Louis University,88,2012,Saint Louis University 2012,,,,
Auburn University,82,2012,Auburn University 2012,,,,
Stony Brook University,111,2012,Stony Brook University 2012,,,,
Florida State University,101,2012,Florida State University 2012,,,,
North Carolina State University at Raleigh,101,2012,North Carolina State University at Raleigh 2012,,,,
University of Missouri-Columbia,90,2012,University of Missouri-Columbia 2012,,,,
University of New Hampshire-Main Campus,101,2012,University of New Hampshire-Main Campus 2012,,,,
The University of Tennessee-Knoxville,101,2012,The University of Tennessee-Knoxville 2012,,,,
Iowa State University,94,2012,Iowa State University 2012,,,,
University of Oklahoma-Norman Campus,101,2012,University of Oklahoma-Norman Campus 2012,,,,
University of Nebraska-Lincoln,101,2012,University of Nebraska-Lincoln 2012,,,,
University at Buffalo,111,2012,University at Buffalo 2012,,,,
Loyola University Chicago,119,2012,Loyola University Chicago 2012,,,,
University of Oregon,101,2012,University of Oregon 2012,,,,
University of the Pacific,101,2012,University of the Pacific 2012,,,,
University of Kansas,101,2012,University of Kansas 2012,,,,
University of Dayton,101,2012,University of Dayton 2012,,,,
Illinois Institute of Technology,111,2012,Illinois Institute of Technology 2012,,,,
University of South Carolina-Columbia,111,2012,University of South Carolina-Columbia 2012,,,,
University of California-Riverside,97,2012,University of California-Riverside 2012,,,,
Michigan Technological University,111,2012,Michigan Technological University 2012,,,,
Catholic University of America,119,2012,Catholic University of America 2012,,,,
Clarkson University,119,2012,Clarkson University 2012,,,,
University of Arizona,124,2012,University of Arizona 2012,,,,
Howard University,111,2012,Howard University 2012,,,,
Colorado State University-Fort Collins,128,2012,Colorado State University-Fort Collins 2012,,,,
University of Kentucky,124,2012,University of Kentucky 2012,,,,
Arizona State University-Tempe,132,2012,Arizona State University-Tempe 2012,,,,
University of Arkansas,132,2012,University of Arkansas 2012,,,,
Princeton University,2,2011,Princeton University 2011,,,,
Harvard University,1,2011,Harvard University 2011,,,,
Yale University,3,2011,Yale University 2011,,,,
Columbia University in the City of New York,4,2011,Columbia University in the City of New York 2011,,,,
University of Chicago,9,2011,University of Chicago 2011,,,,
Stanford University,5,2011,Stanford University 2011,,,,
Massachusetts Institute of Technology,7,2011,Massachusetts Institute of Technology 2011,,,,
Pennsylvania State University-Main Campus,5,2011,Pennsylvania State University-Main Campus 2011,,,,
Duke University,9,2011,Duke University 2011,,,,
California Institute of Technology,7,2011,California Institute of Technology 2011,,,,
Dartmouth College,9,2011,Dartmouth College 2011,,,,
Johns Hopkins University,13,2011,Johns Hopkins University 2011,,,,
Northwestern University,12,2011,Northwestern University 2011,,,,
Brown University,15,2011,Brown University 2011,,,,
Cornell University,15,2011,Cornell University 2011,,,,
Washington University in St. Louis,13,2011,Washington University in St. Louis 2011,,,,
Vanderbilt University,17,2011,Vanderbilt University 2011,,,,
Rice University,17,2011,Rice University 2011,,,,
University of Notre Dame,19,2011,University of Notre Dame 2011,,,,
Emory University,20,2011,Emory University 2011,,,,
UC University of California-Berkeley,22,2011,UC University of California-Berkeley 2011,,,,
Georgetown University,21,2011,Georgetown University 2011,,,,
University of Southern California,23,2011,University of Southern California 2011,,,,
University of California-Los Angeles,25,2011,University of California-Los Angeles 2011,,,,
Carnegie Mellon University,23,2011,Carnegie Mellon University 2011,,,,
University of Virginia-Main Campus,25,2011,University of Virginia-Main Campus 2011,,,,
Wake Forest University,25,2011,Wake Forest University 2011,,,,
Tufts University,28,2011,Tufts University 2011,,,,
University of Michigan-Ann Arbor,29,2011,University of Michigan-Ann Arbor 2011,,,,
North Carolina,30,2011,North Carolina 2011,,,,
Boston College,31,2011,Boston College 2011,,,,
Brandeis University,34,2011,Brandeis University 2011,,,,
College of William and Mary,31,2011,College of William and Mary 2011,,,,
New York University,33,2011,New York University 2011,,,,
University of Rochester,37,2011,University of Rochester 2011,,,,
Georgia Institute of Technology-Main Campus,35,2011,Georgia Institute of Technology-Main Campus 2011,,,,
University of California-San Diego,35,2011,University of California-San Diego 2011,,,,
Lehigh University,37,2011,Lehigh University 2011,,,,
Case Western Reserve University,41,2011,Case Western Reserve University 2011,,,,
University of California-Davis,39,2011,University of California-Davis 2011,,,,
University of Wisconsin-Madison,45,2011,University of Wisconsin-Madison 2011,,,,
University of California-Santa Barbara,39,2011,University of California-Santa Barbara 2011,,,,
University of Illinois at Urbana-Champaign,47,2011,University of Illinois at Urbana-Champaign 2011,,,,
Rensselaer Polytechnic Institute,41,2011,Rensselaer Polytechnic Institute 2011,,,,
University of Washington-Seattle Campus,41,2011,University of Washington-Seattle Campus 2011,,,,
University of California-Irvine,41,2011,University of California-Irvine 2011,,,,
Pennsylvania State University-Main Campus State,47,2011,Pennsylvania State University-Main Campus State 2011,,,,
University of Miami,47,2011,University of Miami 2011,,,,
The University of Texas at Austin,45,2011,The University of Texas at Austin 2011,,,,
Yeshiva University,50,2011,Yeshiva University 2011,,,,
University of Florida,53,2011,University of Florida 2011,,,,
Tulane University of Louisiana,51,2011,Tulane University of Louisiana 2011,,,,
Boston University,56,2011,Boston University 2011,,,,
George Washington University,51,2011,George Washington University 2011,,,,
Ohio State University-Main Campus,56,2011,Ohio State University-Main Campus 2011,,,,
Pepperdine University,53,2011,Pepperdine University 2011,,,,
University of Maryland-College Park,56,2011,University of Maryland-College Park 2011,,,,
Syracuse University,55,2011,Syracuse University 2011,,,,
Fordham University,56,2011,Fordham University 2011,,,,
University of Pittsburgh-Pittsburgh Campus,64,2011,University of Pittsburgh-Pittsburgh Campus 2011,,,,
University of Georgia,56,2011,University of Georgia 2011,,,,
Southern Methodist University,56,2011,Southern Methodist University 2011,,,,
University of Connecticut,69,2011,University of Connecticut 2011,,,,
Purdue University-Main Campus,56,2011,Purdue University-Main Campus 2011,,,,
Texas A & M University-College Station,63,2011,Texas A & M University-College Station 2011,,,,
Clemson University,64,2011,Clemson University 2011,,,,
Worcester Polytechnic Institute,64,2011,Worcester Polytechnic Institute 2011,,,,
Rutgers University-New Brunswick,64,2011,Rutgers University-New Brunswick 2011,,,,
University of Minnesota-Twin Cities,64,2011,University of Minnesota-Twin Cities 2011,,,,
Northeastern University,69,2011,Northeastern University 2011,,,,
University of Iowa,72,2011,University of Iowa 2011,,,,
Virginia Polytechnic Institute and State University,69,2011,Virginia Polytechnic Institute and State University 2011,,,,
University of Delaware,75,2011,University of Delaware 2011,,,,
Michigan State University,79,2011,Michigan State University 2011,,,,
Brigham Young University-Provo,75,2011,Brigham Young University-Provo 2011,,,,
Indiana University-Bloomington,75,2011,Indiana University-Bloomington 2011,,,,
Baylor University,79,2011,Baylor University 2011,,,,
Miami University-Oxford,79,2011,Miami University-Oxford 2011,,,,
Marquette University,75,2011,Marquette University 2011,,,,
Colorado School of Mines,72,2011,Colorado School of Mines 2011,,,,
American University,79,2011,American University 2011,,,,
UC University of California-Santa Cruz,72,2011,UC University of California-Santa Cruz 2011,,,,
Stevens Institute of Technology,86,2011,Stevens Institute of Technology 2011,,,,
Clark University,86,2011,Clark University 2011,,,,
The University of Alabama,79,2011,The University of Alabama 2011,,,,
University of Colorado Boulder,86,2011,University of Colorado Boulder 2011,,,,
Binghamton University,86,2011,Binghamton University 2011,,,,
University of Tulsa,93,2011,University of Tulsa 2011,,,,
University of Denver,86,2011,University of Denver 2011,,,,
University of Vermont,94,2011,University of Vermont 2011,,,,
Saint Louis University,86,2011,Saint Louis University 2011,,,,
Auburn University,85,2011,Auburn University 2011,,,,
Drexel University,86,2011,Drexel University 2011,,,,
Iowa State University,94,2011,Iowa State University 2011,,,,
Stony Brook University,99,2011,Stony Brook University 2011,,,,
University of Massachusetts-Amherst,99,2011,University of Massachusetts-Amherst 2011,,,,
University of Missouri-Columbia,94,2011,University of Missouri-Columbia 2011,,,,
North Carolina State University at Raleigh,111,2011,North Carolina State University at Raleigh 2011,,,,
Texas Christian University,99,2011,Texas Christian University 2011,,,,
University of Nebraska-Lincoln,104,2011,University of Nebraska-Lincoln 2011,,,,
University of Kansas,104,2011,University of Kansas 2011,,,,
University of San Diego,94,2011,University of San Diego 2011,,,,
University of California-Riverside,94,2011,University of California-Riverside 2011,,,,
Florida State University,104,2011,Florida State University 2011,,,,
The University of Tennessee-Knoxville,104,2011,The University of Tennessee-Knoxville 2011,,,,
University of New Hampshire-Main Campus,104,2011,University of New Hampshire-Main Campus 2011,,,,
University of Oklahoma-Norman Campus,111,2011,University of Oklahoma-Norman Campus 2011,,,,
University of the Pacific,99,2011,University of the Pacific 2011,,,,
University of Dayton,99,2011,University of Dayton 2011,,,,
Illinois Institute of Technology,111,2011,Illinois Institute of Technology 2011,,,,
University of Oregon,111,2011,University of Oregon 2011,,,,
University of South Carolina-Columbia,111,2011,University of South Carolina-Columbia 2011,,,,
Loyola University Chicago,117,2011,Loyola University Chicago 2011,,,,
University of Arizona,120,2011,University of Arizona 2011,,,,
University at Buffalo,120,2011,University at Buffalo 2011,,,,
Howard University,104,2011,Howard University 2011,,,,
Catholic University of America,120,2011,Catholic University of America 2011,,,,
Michigan Technological University,117,2011,Michigan Technological University 2011,,,,
University of Washington-Seattle Campus St,111,2011,University of Washington-Seattle Campus St 2011,,,,
Clarkson University,124,2011,Clarkson University 2011,,,,
Ohio Univ,124,2011,Ohio Univ 2011,,,,
University of Kentucky,129,2011,University of Kentucky 2011,,,,
Colorado State University-Fort Collins,124,2011,Colorado State University-Fort Collins 2011,,,,
University of Arkansas,132,2011,University of Arkansas 2011,,,,
Arizona State University-Tempe,143,2011,Arizona State University-Tempe 2011,,,,
Princeton University,1,2010,Princeton University 2010,,,,
Harvard University,1,2010,Harvard University 2010,,,,
Yale University,3,2010,Yale University 2010,,,,
Columbia University in the City of New York,8,2010,Columbia University in the City of New York 2010,,,,
University of Chicago,8,2010,University of Chicago 2010,,,,
Stanford University,4,2010,Stanford University 2010,,,,
Massachusetts Institute of Technology,4,2010,Massachusetts Institute of Technology 2010,,,,
Pennsylvania State University-Main Campus,4,2010,Pennsylvania State University-Main Campus 2010,,,,
Duke University,10,2010,Duke University 2010,,,,
California Institute of Technology,4,2010,California Institute of Technology 2010,,,,
Dartmouth College,11,2010,Dartmouth College 2010,,,,
Johns Hopkins University,14,2010,Johns Hopkins University 2010,,,,
Northwestern University,12,2010,Northwestern University 2010,,,,
Brown University,16,2010,Brown University 2010,,,,
Cornell University,15,2010,Cornell University 2010,,,,
Washington University in St. Louis,12,2010,Washington University in St. Louis 2010,,,,
Vanderbilt University,17,2010,Vanderbilt University 2010,,,,
Rice University,17,2010,Rice University 2010,,,,
University of Notre Dame,20,2010,University of Notre Dame 2010,,,,
Emory University,17,2010,Emory University 2010,,,,
UC University of California-Berkeley,21,2010,UC University of California-Berkeley 2010,,,,
Georgetown University,23,2010,Georgetown University 2010,,,,
University of Southern California,26,2010,University of Southern California 2010,,,,
University of California-Los Angeles,24,2010,University of California-Los Angeles 2010,,,,
Carnegie Mellon University,22,2010,Carnegie Mellon University 2010,,,,
University of Virginia-Main Campus,24,2010,University of Virginia-Main Campus 2010,,,,
Wake Forest University,28,2010,Wake Forest University 2010,,,,
Tufts University,28,2010,Tufts University 2010,,,,
University of Michigan-Ann Arbor,27,2010,University of Michigan-Ann Arbor 2010,,,,
North Carolina,28,2010,North Carolina 2010,,,,
Boston College,34,2010,Boston College 2010,,,,
Brandeis University,31,2010,Brandeis University 2010,,,,
College of William and Mary,33,2010,College of William and Mary 2010,,,,
New York University,32,2010,New York University 2010,,,,
University of Rochester,35,2010,University of Rochester 2010,,,,
Georgia Institute of Technology-Main Campus,35,2010,Georgia Institute of Technology-Main Campus 2010,,,,
University of California-San Diego,35,2010,University of California-San Diego 2010,,,,
Lehigh University,35,2010,Lehigh University 2010,,,,
Case Western Reserve University,41,2010,Case Western Reserve University 2010,,,,
University of California-Davis,42,2010,University of California-Davis 2010,,,,
University of Wisconsin-Madison,39,2010,University of Wisconsin-Madison 2010,,,,
University of California-Santa Barbara,42,2010,University of California-Santa Barbara 2010,,,,
University of Illinois at Urbana-Champaign,39,2010,University of Illinois at Urbana-Champaign 2010,,,,
Rensselaer Polytechnic Institute,42,2010,Rensselaer Polytechnic Institute 2010,,,,
University of Washington-Seattle Campus,42,2010,University of Washington-Seattle Campus 2010,,,,
University of California-Irvine,46,2010,University of California-Irvine 2010,,,,
Pennsylvania State University-Main Campus State,47,2010,Pennsylvania State University-Main Campus State 2010,,,,
University of Miami,50,2010,University of Miami 2010,,,,
The University of Texas at Austin,47,2010,The University of Texas at Austin 2010,,,,
Yeshiva University,52,2010,Yeshiva University 2010,,,,
University of Florida,47,2010,University of Florida 2010,,,,
Tulane University of Louisiana,50,2010,Tulane University of Louisiana 2010,,,,
Boston University,56,2010,Boston University 2010,,,,
George Washington University,53,2010,George Washington University 2010,,,,
Ohio State University-Main Campus,53,2010,Ohio State University-Main Campus 2010,,,,
Pepperdine University,58,2010,Pepperdine University 2010,,,,
University of Maryland-College Park,53,2010,University of Maryland-College Park 2010,,,,
Syracuse University,58,2010,Syracuse University 2010,,,,
Fordham University,61,2010,Fordham University 2010,,,,
University of Pittsburgh-Pittsburgh Campus,56,2010,University of Pittsburgh-Pittsburgh Campus 2010,,,,
University of Georgia,58,2010,University of Georgia 2010,,,,
Southern Methodist University,68,2010,Southern Methodist University 2010,,,,
University of Connecticut,66,2010,University of Connecticut 2010,,,,
Purdue University-Main Campus,61,2010,Purdue University-Main Campus 2010,,,,
Texas A & M University-College Station,61,2010,Texas A & M University-College Station 2010,,,,
Clemson University,61,2010,Clemson University 2010,,,,
Worcester Polytechnic Institute,68,2010,Worcester Polytechnic Institute 2010,,,,
Rutgers University-New Brunswick,66,2010,Rutgers University-New Brunswick 2010,,,,
University of Minnesota-Twin Cities,61,2010,University of Minnesota-Twin Cities 2010,,,,
Northeastern University,80,2010,Northeastern University 2010,,,,
University of Iowa,71,2010,University of Iowa 2010,,,,
Virginia Polytechnic Institute and State University,71,2010,Virginia Polytechnic Institute and State University 2010,,,,
University of Delaware,68,2010,University of Delaware 2010,,,,
Michigan State University,71,2010,Michigan State University 2010,,,,
Brigham Young University-Provo,71,2010,Brigham Young University-Provo 2010,,,,
Indiana University-Bloomington,71,2010,Indiana University-Bloomington 2010,,,,
Baylor University,80,2010,Baylor University 2010,,,,
Miami University-Oxford,77,2010,Miami University-Oxford 2010,,,,
Marquette University,84,2010,Marquette University 2010,,,,
Colorado School of Mines,77,2010,Colorado School of Mines 2010,,,,
American University,84,2010,American University 2010,,,,
UC University of California-Santa Cruz,71,2010,UC University of California-Santa Cruz 2010,,,,
Stevens Institute of Technology,84,2010,Stevens Institute of Technology 2010,,,,
Clark University,88,2010,Clark University 2010,,,,
The University of Alabama,96,2010,The University of Alabama 2010,,,,
University of Colorado Boulder,77,2010,University of Colorado Boulder 2010,,,,
Binghamton University,80,2010,Binghamton University 2010,,,,
University of Tulsa,88,2010,University of Tulsa 2010,,,,
University of Denver,84,2010,University of Denver 2010,,,,
University of Vermont,88,2010,University of Vermont 2010,,,,
Saint Louis University,84,2010,Saint Louis University 2010,,,,
Auburn University,88,2010,Auburn University 2010,,,,
Drexel University,88,2010,Drexel University 2010,,,,
Iowa State University,88,2010,Iowa State University 2010,,,,
Stony Brook University,96,2010,Stony Brook University 2010,,,,
University of Massachusetts-Amherst,106,2010,University of Massachusetts-Amherst 2010,,,,
University of Missouri-Columbia,102,2010,University of Missouri-Columbia 2010,,,,
North Carolina State University at Raleigh,88,2010,North Carolina State University at Raleigh 2010,,,,
Texas Christian University,110,2010,Texas Christian University 2010,,,,
University of Nebraska-Lincoln,96,2010,University of Nebraska-Lincoln 2010,,,,
University of Kansas,96,2010,University of Kansas 2010,,,,
University of San Diego,110,2010,University of San Diego 2010,,,,
University of California-Riverside,96,2010,University of California-Riverside 2010,,,,
Florida State University,102,2010,Florida State University 2010,,,,
The University of Tennessee-Knoxville,106,2010,The University of Tennessee-Knoxville 2010,,,,
University of New Hampshire-Main Campus,110,2010,University of New Hampshire-Main Campus 2010,,,,
University of Oklahoma-Norman Campus,102,2010,University of Oklahoma-Norman Campus 2010,,,,
University of the Pacific,115,2010,University of the Pacific 2010,,,,
University of Dayton,110,2010,University of Dayton 2010,,,,
Illinois Institute of Technology,106,2010,Illinois Institute of Technology 2010,,,,
University of Oregon,115,2010,University of Oregon 2010,,,,
University of South Carolina-Columbia,110,2010,University of South Carolina-Columbia 2010,,,,
Loyola University Chicago,119,2010,Loyola University Chicago 2010,,,,
University of Arizona,102,2010,University of Arizona 2010,,,,
University at Buffalo,121,2010,University at Buffalo 2010,,,,
Howard University,96,2010,Howard University 2010,,,,
Catholic University of America,121,2010,Catholic University of America 2010,,,,
Michigan Technological University,121,2010,Michigan Technological University 2010,,,,
University of Washington-Seattle Campus St,106,2010,University of Washington-Seattle Campus St 2010,,,,
Clarkson University,119,2010,Clarkson University 2010,,,,
Ohio Univ,115,2010,Ohio Univ 2010,,,,
University of Kentucky,128,2010,University of Kentucky 2010,,,,
Colorado State University-Fort Collins,128,2010,Colorado State University-Fort Collins 2010,,,,
University of Arkansas,128,2010,University of Arkansas 2010,,,,
Arizona State University-Tempe,121,2010,Arizona State University-Tempe 2010,,,,
Princeton University,2,2009,Princeton University 2009,,,,
Harvard University,1,2009,Harvard University 2009,,,,
Yale University,3,2009,Yale University 2009,,,,
Columbia University in the City of New York,8,2009,Columbia University in the City of New York 2009,,,,
University of Chicago,8,2009,University of Chicago 2009,,,,
Stanford University,4,2009,Stanford University 2009,,,,
Massachusetts Institute of Technology,4,2009,Massachusetts Institute of Technology 2009,,,,
Pennsylvania State University-Main Campus,6,2009,Pennsylvania State University-Main Campus 2009,,,,
Duke University,8,2009,Duke University 2009,,,,
California Institute of Technology,6,2009,California Institute of Technology 2009,,,,
Dartmouth College,11,2009,Dartmouth College 2009,,,,
Johns Hopkins University,15,2009,Johns Hopkins University 2009,,,,
Northwestern University,12,2009,Northwestern University 2009,,,,
Brown University,16,2009,Brown University 2009,,,,
Cornell University,14,2009,Cornell University 2009,,,,
Washington University in St. Louis,12,2009,Washington University in St. Louis 2009,,,,
Vanderbilt University,18,2009,Vanderbilt University 2009,,,,
Rice University,17,2009,Rice University 2009,,,,
University of Notre Dame,18,2009,University of Notre Dame 2009,,,,
Emory University,18,2009,Emory University 2009,,,,
UC University of California-Berkeley,21,2009,UC University of California-Berkeley 2009,,,,
Georgetown University,23,2009,Georgetown University 2009,,,,
University of Southern California,27,2009,University of Southern California 2009,,,,
University of California-Los Angeles,25,2009,University of California-Los Angeles 2009,,,,
Carnegie Mellon University,22,2009,Carnegie Mellon University 2009,,,,
University of Virginia-Main Campus,23,2009,University of Virginia-Main Campus 2009,,,,
Wake Forest University,28,2009,Wake Forest University 2009,,,,
Tufts University,28,2009,Tufts University 2009,,,,
University of Michigan-Ann Arbor,26,2009,University of Michigan-Ann Arbor 2009,,,,
North Carolina,30,2009,North Carolina 2009,,,,
Boston College,34,2009,Boston College 2009,,,,
Brandeis University,31,2009,Brandeis University 2009,,,,
College of William and Mary,32,2009,College of William and Mary 2009,,,,
New York University,33,2009,New York University 2009,,,,
University of Rochester,35,2009,University of Rochester 2009,,,,
Georgia Institute of Technology-Main Campus,35,2009,Georgia Institute of Technology-Main Campus 2009,,,,
University of California-San Diego,35,2009,University of California-San Diego 2009,,,,
Lehigh University,35,2009,Lehigh University 2009,,,,
Case Western Reserve University,41,2009,Case Western Reserve University 2009,,,,
University of California-Davis,44,2009,University of California-Davis 2009,,,,
University of Wisconsin-Madison,35,2009,University of Wisconsin-Madison 2009,,,,
University of California-Santa Barbara,44,2009,University of California-Santa Barbara 2009,,,,
University of Illinois at Urbana-Champaign,40,2009,University of Illinois at Urbana-Champaign 2009,,,,
Rensselaer Polytechnic Institute,41,2009,Rensselaer Polytechnic Institute 2009,,,,
University of Washington-Seattle Campus,41,2009,University of Washington-Seattle Campus 2009,,,,
University of California-Irvine,44,2009,University of California-Irvine 2009,,,,
Pennsylvania State University-Main Campus State,47,2009,Pennsylvania State University-Main Campus State 2009,,,,
University of Miami,51,2009,University of Miami 2009,,,,
The University of Texas at Austin,47,2009,The University of Texas at Austin 2009,,,,
Yeshiva University,50,2009,Yeshiva University 2009,,,,
University of Florida,49,2009,University of Florida 2009,,,,
Tulane University of Louisiana,51,2009,Tulane University of Louisiana 2009,,,,
Boston University,60,2009,Boston University 2009,,,,
George Washington University,53,2009,George Washington University 2009,,,,
Ohio State University-Main Campus,56,2009,Ohio State University-Main Campus 2009,,,,
Pepperdine University,56,2009,Pepperdine University 2009,,,,
University of Maryland-College Park,53,2009,University of Maryland-College Park 2009,,,,
Syracuse University,53,2009,Syracuse University 2009,,,,
Fordham University,61,2009,Fordham University 2009,,,,
University of Pittsburgh-Pittsburgh Campus,58,2009,University of Pittsburgh-Pittsburgh Campus 2009,,,,
University of Georgia,58,2009,University of Georgia 2009,,,,
Southern Methodist University,66,2009,Southern Methodist University 2009,,,,
University of Connecticut,66,2009,University of Connecticut 2009,,,,
Purdue University-Main Campus,66,2009,Purdue University-Main Campus 2009,,,,
Texas A & M University-College Station,64,2009,Texas A & M University-College Station 2009,,,,
Clemson University,61,2009,Clemson University 2009,,,,
Worcester Polytechnic Institute,71,2009,Worcester Polytechnic Institute 2009,,,,
Rutgers University-New Brunswick,64,2009,Rutgers University-New Brunswick 2009,,,,
University of Minnesota-Twin Cities,61,2009,University of Minnesota-Twin Cities 2009,,,,
Northeastern University,96,2009,Northeastern University 2009,,,,
University of Iowa,66,2009,University of Iowa 2009,,,,
Virginia Polytechnic Institute and State University,71,2009,Virginia Polytechnic Institute and State University 2009,,,,
University of Delaware,71,2009,University of Delaware 2009,,,,
Michigan State University,71,2009,Michigan State University 2009,,,,
Brigham Young University-Provo,113,2009,Brigham Young University-Provo 2009,,,,
Indiana University-Bloomington,71,2009,Indiana University-Bloomington 2009,,,,
Baylor University,76,2009,Baylor University 2009,,,,
Miami University-Oxford,66,2009,Miami University-Oxford 2009,,,,
Marquette University,77,2009,Marquette University 2009,,,,
Colorado School of Mines,80,2009,Colorado School of Mines 2009,,,,
American University,83,2009,American University 2009,,,,
UC University of California-Santa Cruz,96,2009,UC University of California-Santa Cruz 2009,,,,
Stevens Institute of Technology,83,2009,Stevens Institute of Technology 2009,,,,
Clark University,80,2009,Clark University 2009,,,,
The University of Alabama,83,2009,The University of Alabama 2009,,,,
University of Colorado Boulder,77,2009,University of Colorado Boulder 2009,,,,
Binghamton University,77,2009,Binghamton University 2009,,,,
University of Tulsa,83,2009,University of Tulsa 2009,,,,
University of Denver,89,2009,University of Denver 2009,,,,
University of Vermont,89,2009,University of Vermont 2009,,,,
Saint Louis University,80,2009,Saint Louis University 2009,,,,
Auburn University,96,2009,Auburn University 2009,,,,
Drexel University,89,2009,Drexel University 2009,,,,
Iowa State University,89,2009,Iowa State University 2009,,,,
Stony Brook University,96,2009,Stony Brook University 2009,,,,
University of Massachusetts-Amherst,102,2009,University of Massachusetts-Amherst 2009,,,,
University of Missouri-Columbia,96,2009,University of Missouri-Columbia 2009,,,,
North Carolina State University at Raleigh,83,2009,North Carolina State University at Raleigh 2009,,,,
Texas Christian University,113,2009,Texas Christian University 2009,,,,
University of Nebraska-Lincoln,89,2009,University of Nebraska-Lincoln 2009,,,,
University of Kansas,89,2009,University of Kansas 2009,,,,
University of San Diego,102,2009,University of San Diego 2009,,,,
University of California-Riverside,89,2009,University of California-Riverside 2009,,,,
Florida State University,102,2009,Florida State University 2009,,,,
The University of Tennessee-Knoxville,108,2009,The University of Tennessee-Knoxville 2009,,,,
University of New Hampshire-Main Campus,113,2009,University of New Hampshire-Main Campus 2009,,,,
University of Oklahoma-Norman Campus,108,2009,University of Oklahoma-Norman Campus 2009,,,,
University of the Pacific,102,2009,University of the Pacific 2009,,,,
University of Dayton,108,2009,University of Dayton 2009,,,,
Illinois Institute of Technology,102,2009,Illinois Institute of Technology 2009,,,,
University of Oregon,108,2009,University of Oregon 2009,,,,
University of South Carolina-Columbia,108,2009,University of South Carolina-Columbia 2009,,,,
Loyola University Chicago,116,2009,Loyola University Chicago 2009,,,,
University of Arizona,96,2009,University of Arizona 2009,,,,
University at Buffalo,121,2009,University at Buffalo 2009,,,,
Howard University,102,2009,Howard University 2009,,,,
Catholic University of America,116,2009,Catholic University of America 2009,,,,
Michigan Technological University,121,2009,Michigan Technological University 2009,,,,
University of Washington-Seattle Campus St,116,2009,University of Washington-Seattle Campus St 2009,,,,
Clarkson University,121,2009,Clarkson University 2009,,,,
Ohio Univ,116,2009,Ohio Univ 2009,,,,
University of Kentucky,116,2009,University of Kentucky 2009,,,,
Colorado State University-Fort Collins,125,2009,Colorado State University-Fort Collins 2009,,,,
University of Arkansas,125,2009,University of Arkansas 2009,,,,
Arizona State University-Tempe,121,2009,Arizona State University-Tempe 2009,,,,
Princeton University,1,2008,Princeton University 2008,,,,
Harvard University,2,2008,Harvard University 2008,,,,
Yale University,3,2008,Yale University 2008,,,,
Columbia University in the City of New York,9,2008,Columbia University in the City of New York 2008,,,,
University of Chicago,9,2008,University of Chicago 2008,,,,
Stanford University,4,2008,Stanford University 2008,,,,
Massachusetts Institute of Technology,7,2008,Massachusetts Institute of Technology 2008,,,,
Pennsylvania State University-Main Campus,5,2008,Pennsylvania State University-Main Campus 2008,,,,
Duke University,8,2008,Duke University 2008,,,,
California Institute of Technology,5,2008,California Institute of Technology 2008,,,,
Dartmouth College,11,2008,Dartmouth College 2008,,,,
Johns Hopkins University,14,2008,Johns Hopkins University 2008,,,,
Northwestern University,14,2008,Northwestern University 2008,,,,
Brown University,14,2008,Brown University 2008,,,,
Cornell University,12,2008,Cornell University 2008,,,,
Washington University in St. Louis,12,2008,Washington University in St. Louis 2008,,,,
Vanderbilt University,19,2008,Vanderbilt University 2008,,,,
Rice University,17,2008,Rice University 2008,,,,
University of Notre Dame,19,2008,University of Notre Dame 2008,,,,
Emory University,17,2008,Emory University 2008,,,,
UC University of California-Berkeley,21,2008,UC University of California-Berkeley 2008,,,,
Georgetown University,23,2008,Georgetown University 2008,,,,
University of Southern California,27,2008,University of Southern California 2008,,,,
University of California-Los Angeles,25,2008,University of California-Los Angeles 2008,,,,
Carnegie Mellon University,22,2008,Carnegie Mellon University 2008,,,,
University of Virginia-Main Campus,23,2008,University of Virginia-Main Campus 2008,,,,
Wake Forest University,30,2008,Wake Forest University 2008,,,,
Tufts University,28,2008,Tufts University 2008,,,,
University of Michigan-Ann Arbor,25,2008,University of Michigan-Ann Arbor 2008,,,,
University of North Carolina at Chapel Hill,28,2008,University of North Carolina at Chapel Hill 2008,,,,
Boston College,35,2008,Boston College 2008,,,,
Brandeis University,31,2008,Brandeis University 2008,,,,
College of William and Mary,33,2008,College of William and Mary 2008,,,,
New York University,34,2008,New York University 2008,,,,
University of Rochester,35,2008,University of Rochester 2008,,,,
Georgia Institute of Technology-Main Campus,35,2008,Georgia Institute of Technology-Main Campus 2008,,,,
University of California-San Diego,38,2008,University of California-San Diego 2008,,,,
Lehigh University,31,2008,Lehigh University 2008,,,,
Case Western Reserve University,41,2008,Case Western Reserve University 2008,,,,
University of California-Davis,42,2008,University of California-Davis 2008,,,,
University of Wisconsin-Madison,38,2008,University of Wisconsin-Madison 2008,,,,
University of California-Santa Barbara,44,2008,University of California-Santa Barbara 2008,,,,
University of Illinois at Urbana-Champaign,38,2008,University of Illinois at Urbana-Champaign 2008,,,,
Rensselaer Polytechnic Institute,44,2008,Rensselaer Polytechnic Institute 2008,,,,
University of Washington-Seattle Campus,42,2008,University of Washington-Seattle Campus 2008,,,,
University of California-Irvine,44,2008,University of California-Irvine 2008,,,,
Pennsylvania State University-Main Campus State,48,2008,Pennsylvania State University-Main Campus State 2008,,,,
University of Miami,52,2008,University of Miami 2008,,,,
The University of Texas at Austin,44,2008,The University of Texas at Austin 2008,,,,
Yeshiva University,52,2008,Yeshiva University 2008,,,,
University of Florida,49,2008,University of Florida 2008,,,,
Tulane University of Louisiana,50,2008,Tulane University of Louisiana 2008,,,,
Boston University,57,2008,Boston University 2008,,,,
George Washington University,54,2008,George Washington University 2008,,,,
Ohio State University-Main Campus,57,2008,Ohio State University-Main Campus 2008,,,,
Pepperdine University,54,2008,Pepperdine University 2008,,,,
University of Maryland-College Park,54,2008,University of Maryland-College Park 2008,,,,
Syracuse University,50,2008,Syracuse University 2008,,,,
Fordham University,67,2008,Fordham University 2008,,,,
University of Pittsburgh-Pittsburgh Campus,59,2008,University of Pittsburgh-Pittsburgh Campus 2008,,,,
University of Georgia,59,2008,University of Georgia 2008,,,,
Southern Methodist University,67,2008,Southern Methodist University 2008,,,,
University of Connecticut,64,2008,University of Connecticut 2008,,,,
Purdue University-Main Campus,64,2008,Purdue University-Main Campus 2008,,,,
Texas A & M University-College Station,62,2008,Texas A & M University-College Station 2008,,,,
Clemson University,67,2008,Clemson University 2008,,,,
Worcester Polytechnic Institute,62,2008,Worcester Polytechnic Institute 2008,,,,
Rutgers University-New Brunswick,59,2008,Rutgers University-New Brunswick 2008,,,,
University of Minnesota-Twin Cities,71,2008,University of Minnesota-Twin Cities 2008,,,,
Northeastern University,96,2008,Northeastern University 2008,,,,
University of Iowa,64,2008,University of Iowa 2008,,,,
Virginia Polytechnic Institute and State University,71,2008,Virginia Polytechnic Institute and State University 2008,,,,
University of Delaware,71,2008,University of Delaware 2008,,,,
Michigan State University,71,2008,Michigan State University 2008,,,,
Brigham Young University-Provo,79,2008,Brigham Young University-Provo 2008,,,,
Indiana University-Bloomington,75,2008,Indiana University-Bloomington 2008,,,,
Baylor University,75,2008,Baylor University 2008,,,,
Miami University-Oxford,67,2008,Miami University-Oxford 2008,,,,
Marquette University,82,2008,Marquette University 2008,,,,
Colorado School of Mines,75,2008,Colorado School of Mines 2008,,,,
American University,85,2008,American University 2008,,,,
UC University of California-Santa Cruz,79,2008,UC University of California-Santa Cruz 2008,,,,
Stevens Institute of Technology,75,2008,Stevens Institute of Technology 2008,,,,
Clark University,91,2008,Clark University 2008,,,,
The University of Alabama,91,2008,The University of Alabama 2008,,,,
University of Colorado Boulder,79,2008,University of Colorado Boulder 2008,,,,
Binghamton University,82,2008,Binghamton University 2008,,,,
University of Tulsa,91,2008,University of Tulsa 2008,,,,
University of Denver,85,2008,University of Denver 2008,,,,
University of Vermont,96,2008,University of Vermont 2008,,,,
Saint Louis University,82,2008,Saint Louis University 2008,,,,
Auburn University,96,2008,Auburn University 2008,,,,
Drexel University,108,2008,Drexel University 2008,,,,
Iowa State University,85,2008,Iowa State University 2008,,,,
Stony Brook University,96,2008,Stony Brook University 2008,,,,
University of Massachusetts-Amherst,96,2008,University of Massachusetts-Amherst 2008,,,,
University of Missouri-Columbia,91,2008,University of Missouri-Columbia 2008,,,,
North Carolina State University at Raleigh,85,2008,North Carolina State University at Raleigh 2008,,,,
Texas Christian University,108,2008,Texas Christian University 2008,,,,
University of Nebraska-Lincoln,91,2008,University of Nebraska-Lincoln 2008,,,,
University of Kansas,85,2008,University of Kansas 2008,,,,
University of San Diego,107,2008,University of San Diego 2008,,,,
University of California-Riverside,96,2008,University of California-Riverside 2008,,,,
Florida State University,112,2008,Florida State University 2008,,,,
The University of Tennessee-Knoxville,96,2008,The University of Tennessee-Knoxville 2008,,,,
University of New Hampshire-Main Campus,108,2008,University of New Hampshire-Main Campus 2008,,,,
University of Oklahoma-Norman Campus,108,2008,University of Oklahoma-Norman Campus 2008,,,,
University of the Pacific,96,2008,University of the Pacific 2008,,,,
University of Dayton,112,2008,University of Dayton 2008,,,,
Illinois Institute of Technology,96,2008,Illinois Institute of Technology 2008,,,,
University of Oregon,112,2008,University of Oregon 2008,,,,
University of South Carolina-Columbia,112,2008,University of South Carolina-Columbia 2008,,,,
Loyola University Chicago,112,2008,Loyola University Chicago 2008,,,,
University of Arizona,96,2008,University of Arizona 2008,,,,
University at Buffalo,118,2008,University at Buffalo 2008,,,,
Howard University,96,2008,Howard University 2008,,,,
Catholic University of America,112,2008,Catholic University of America 2008,,,,
Michigan Technological University,124,2008,Michigan Technological University 2008,,,,
University of Washington-Seattle Campus St,118,2008,University of Washington-Seattle Campus St 2008,,,,
Clarkson University,124,2008,Clarkson University 2008,,,,
Ohio Univ,112,2008,Ohio Univ 2008,,,,
University of Kentucky,118,2008,University of Kentucky 2008,,,,
Colorado State University-Fort Collins,124,2008,Colorado State University-Fort Collins 2008,,,,
University of Arkansas,124,2008,University of Arkansas 2008,,,,
Arizona State University-Tempe,124,2008,Arizona State University-Tempe 2008,,,,